image number,alt,article_heading,article_url,description
image_1_1.jpg,,"As the situation between Iran and Israel escalates Biden: I don't believe that a ""full-scale war"" will break out in the Middle East",https://www.163.com/dy/article/JDM5CGQR0514R9OJ.html,"The image depicts a man walking down a set of stairs. He is dressed in a dark blue suit with a light blue shirt and a dark tie. The man appears to be middle-aged, with white hair and a mustache. He is looking to his left as he walks. The stairs are made of concrete and have a railing on the left side. There are other people visible in the background, but they are not the focus of the image. The man is the central figure in the image, and his attire suggests a formal or professional setting."
image_2_1.jpg,,Iran's Islamic Revolutionary Guard Corps deputy commander: Israel will face destruction if it continues to make mistakes,https://www.163.com/news/article/JDMBFMA1000189PS.html,"The image depicts a man standing behind a microphone, appearing to be addressing an audience or conducting an interview. He is wearing a military uniform with a green shirt and a patterned tie, suggesting he may hold a position of authority or rank. The man has a beard and mustache, and his expression is serious, indicating that the content of his speech or the topic of the interview is of importance.  The background features a flag with a combination of red, white, and green colors, which could indicate that the setting is in a country with a flag that includes these colors, such as Iran. The flag is partially visible, with the upper portion of the flag and the lower portion of the flag's design visible. The man's position and attire, along with the flag, suggest that the setting is likely a formal or official event, possibly related to military or governmental matters."
image_3_1.jpg,,"Breaking news! Foreign media: Khamenei said that Iran's missile attack on Israel is ""legal and justified""",https://www.163.com/dy/article/JDM1OUQ80514R9OJ.html,"The image depicts an outdoor event where a man is standing on a stage, addressing a large audience. The man appears to be elderly, with a beard and glasses, and is dressed in traditional attire, including a turban and a robe. He is holding a microphone and seems to be speaking or reading from a piece of paper.  The stage is elevated and has a railing, suggesting it is designed for public speaking events. The audience is seated on the ground, facing the stage, and appears to be engaged in the event. The setting seems to be a large open area with a clear sky, indicating that the event is taking place during the day.  In the background, there is a large building with multiple arches, which could be a significant landmark or a venue for the event. The building has a classical architectural style, with columns and arches that suggest it might be a historical or cultural site.  The image captures a moment of public speaking, likely at a formal or significant event, given the attire of the speaker and the size of the audience. The focus is on the speaker and the audience, with the background serving to provide context for the location and setting of the event."
image_3_2.jpg,,"Breaking news! Foreign media: Khamenei said that Iran's missile attack on Israel is ""legal and justified""",https://www.163.com/dy/article/JDM1OUQ80514R9OJ.html,"The image shows a man standing in front of a military aircraft. The man appears to be a soldier, as indicated by his uniform, which includes a camouflage pattern and various insignias. He is wearing a utility belt and has a serious expression on his face. The aircraft behind him is a large, gray military jet with visible markings and identification numbers. The setting suggests a military base or airfield, and the environment appears to be outdoors during the day. There is text overlaying the image, which seems to be in Chinese, but the content of the text is not provided. The style of the image is a photograph, likely taken for documentary or news purposes."
image_3_3.jpg,,"Breaking news! Foreign media: Khamenei said that Iran's missile attack on Israel is ""legal and justified""",https://www.163.com/dy/article/JDM1OUQ80514R9OJ.html,"The image shows two men standing side by side, appearing to be at a formal event or press conference. The man on the left is wearing a military uniform with numerous medals and badges, indicating a high-ranking position within the military. He is wearing a cap with a badge, suggesting he is a member of a specific military unit or branch. The man on the right is dressed in a dark suit and appears to be speaking or listening intently, as he is looking slightly to his left.  There is text overlaying the image, which seems to be in Chinese. The text is partially visible and reads ""中国"" and ""中国"" again, which translates to ""China"" in English. Below the text, there is a subtitle that appears to be a news headline or a title related to the content of the image. The subtitle is also in Chinese and includes characters that are not fully visible in the image provided.  The background is blurred, but it appears to be an indoor setting with curtains, which suggests that the event is taking place in a formal or professional environment. The overall style of the image is that of a news photograph, capturing a moment during a press conference or a formal meeting."
image_3_4.jpg,,"Breaking news! Foreign media: Khamenei said that Iran's missile attack on Israel is ""legal and justified""",https://www.163.com/dy/article/JDM1OUQ80514R9OJ.html,"The image appears to be a digital graphic or infographic, possibly related to military statistics or comparisons. It features a white background with a diagonal line dividing the upper and lower sections. On the left side, there is a blue banner with Chinese characters, suggesting that the content is in Chinese. Below the banner, there is a title in bold Chinese characters, which seems to be the main subject of the infographic.  The infographic includes various statistics and icons, likely representing different military assets or capabilities. There are numerical values next to each icon, which could indicate quantities or numerical data related to the items listed. The icons include a tank, a fighter jet, a helicopter, a missile, and a ship, each accompanied by a numerical value. The tank is labeled with ""400,"" the fighter jet with ""1051,"" the helicopter with ""335,"" the missile with ""62,"" and the ship with ""530."" Below the ship, there is a smaller text that reads ""17,"" which might refer to a specific unit or quantity.  The overall style of the image is informational and utilitarian, with a focus on conveying data in a visually accessible manner. The use of icons and numbers suggests a comparison or analysis of military assets or capabilities."
image_3_5.jpg,,"Breaking news! Foreign media: Khamenei said that Iran's missile attack on Israel is ""legal and justified""",https://www.163.com/dy/article/JDM1OUQ80514R9OJ.html,"The image appears to be a slide from a presentation, possibly educational or informational in nature. The slide is divided into two main sections by a vertical line. On the left side, there is a title in Chinese characters, which translates to ""History of the Middle East."" Below the title, there are three phrases in Chinese, each followed by a number. These phrases seem to be related to historical events or periods, and the numbers likely correspond to the years or durations associated with each event.  On the right side of the slide, there is a section titled ""History of the Middle East"" in English, with a subtitle ""History of the Middle East"" in Chinese. Below this, there are three phrases in English, each followed by a number, which are presumably related to the same historical events or periods mentioned on the left side.  At the top of the slide, there is a logo with Chinese characters, suggesting that the presentation may be related to a Chinese institution or organization. The slide also includes a flag graphic, which is a combination of the flags of Israel and Iran, indicating a focus on the Middle East region.  The overall style of the slide is simple and informational, with a clean layout and a color scheme that includes shades of gray and blue. The text is in black, which provides a clear contrast against the background. The slide seems to be designed for educational purposes, possibly for a classroom or lecture setting."
image_3_6.jpg,,"Breaking news! Foreign media: Khamenei said that Iran's missile attack on Israel is ""legal and justified""",https://www.163.com/dy/article/JDM1OUQ80514R9OJ.html,"The image appears to be a digital graphic or a screenshot from a presentation, possibly related to a business or educational context. The background is a light gray color with a subtle diagonal line pattern, which gives it a clean and professional look.  In the center of the image, there is a small graphic of a train with a flag on top, suggesting a theme of transportation or logistics. The train is depicted in a simplified style, with minimal detail, which is common in icons or logos.  Surrounding the train graphic are several blocks of text in Chinese. The text is in a sans-serif font, which is modern and easy to read. The text is organized into sections, with some phrases larger than others, indicating a hierarchy or importance.  The phrases are related to transportation, logistics, and possibly a company or organization. The text is too small to read in detail, but it seems to be discussing topics such as ""transportation,"" ""logistics,"" and ""quality,"" which are common themes in business and industry.  The overall style of the image is informational and professional, likely intended to convey key points or statistics related to the subject matter at hand. The use of a train graphic suggests a focus on transportation, and the inclusion of Chinese text indicates that the content is likely targeted at a Chinese-speaking audience or is related to a Chinese company or industry."
image_4_1.jpg,,The Israeli army launched 11 consecutive attacks targeting him,https://www.163.com/dy/article/JDL45V930530JPVV.html,"The image depicts a nighttime scene of a cityscape with a large fire burning in the center. The fire is intense, with bright orange and red hues, and it appears to be consuming a significant amount of material, possibly a building or a large structure. The city around the fire is illuminated by various lights, including streetlights and building lights, which create a contrast with the dark sky. The buildings are densely packed, suggesting a densely populated urban area. The fire is the focal point of the image, drawing the viewer's attention due to its size and the dramatic effect it has on the surrounding environment. There is no visible text in the image. The style of the image is a photograph, capturing a real-life event with a focus on the fire and its impact on the city."
image_4_2.jpg,,The Israeli army launched 11 consecutive attacks targeting him,https://www.163.com/dy/article/JDL45V930530JPVV.html,"The image shows a man sitting in a chair with a serious expression. He has a full beard and mustache, and he is wearing glasses. The man is dressed in a dark robe, which suggests a formal or religious attire. The background is blurred, but it appears to be an indoor setting with curtains, possibly a room with a window. The lighting is soft, and the overall tone of the image is solemn."
image_4_3.jpg,,The Israeli army launched 11 consecutive attacks targeting him,https://www.163.com/dy/article/JDL45V930530JPVV.html,"The image depicts a nighttime cityscape with a large, darkened sky above. The city is illuminated by numerous streetlights and building lights, creating a patchwork of light against the dark sky. In the distance, a large plume of smoke or a fire can be seen, suggesting a significant event or emergency situation. The buildings are densely packed, with a mix of architectural styles, including modern and traditional designs. The overall atmosphere is one of urban life with a hint of urgency due to the presence of the smoke or fire."
image_4_4.jpg,,The Israeli army launched 11 consecutive attacks targeting him,https://www.163.com/dy/article/JDL45V930530JPVV.html,"The image depicts a night sky filled with multiple bright, elongated light trails that resemble shooting stars or meteors. These light trails are scattered across the sky, with some appearing closer to the viewer and others further away, creating a sense of depth. The trails are illuminated against the dark backdrop of the night sky, which is devoid of stars, suggesting that the photo was taken during a meteor shower or a similar astronomical event. The image is taken from a low angle, which emphasizes the trails and gives a sense of their movement across the sky. There are no visible texts or distinctive landmarks in the image. The style of the image is a straightforward, unembellished photograph with a focus on the natural phenomenon of meteor activity."
image_4_5.jpg,,The Israeli army launched 11 consecutive attacks targeting him,https://www.163.com/dy/article/JDL45V930530JPVV.html,"The image shows a television screen displaying a man with a beard and a turban, who appears to be a religious figure, possibly a cleric or a scholar. The man is gesturing with his right hand raised, and his expression suggests he is in the middle of a speech or a discussion. The background of the television screen is a solid red color, and there is Arabic text overlaid on the screen, which indicates that the content is likely in Arabic. The television is mounted on a wall, and there are various objects around it, including what looks like a remote control, a book, and some plants. The setting suggests a home or an office environment."
image_4_6.jpg,,The Israeli army launched 11 consecutive attacks targeting him,https://www.163.com/dy/article/JDL45V930530JPVV.html,"The image depicts a large, illuminated monument at night. The monument has a distinctive, pointed roof that narrows towards the top, resembling a stylized hat or a traditional Middle Eastern headdress. The structure is adorned with intricate patterns and designs, featuring a combination of red, white, and green colors. The central part of the monument appears to be a large, round emblem or symbol, which is not clearly visible due to the angle and distance from the camera.  In the foreground, there are several people standing and taking photographs of the monument. The individuals are dressed in casual attire, and some are holding up their smartphones to capture the moment. The lighting from the monument casts a warm glow on the surrounding area, highlighting the architectural details and creating a dramatic effect against the dark sky.  The setting appears to be an outdoor public space, possibly a square or a park, with a paved area in front of the monument. The monument is situated on a raised platform, which is accessible by stairs, and there is a railing along the edge of the platform. The overall atmosphere is one of reverence and admiration, as people gather to witness and document the impressive monument."
image_4_7.jpg,,The Israeli army launched 11 consecutive attacks targeting him,https://www.163.com/dy/article/JDL45V930530JPVV.html,"The image depicts three men walking outdoors, likely in a garden or park, given the presence of greenery and flowers. The man in the foreground is wearing a dark suit with a red tie and appears to be middle-aged. He is looking down and slightly to the side, with a serious expression on his face. The man in the middle is also dressed in a dark suit and tie, but his attire is more formal, with a dark suit and a tie that has a pattern of stripes. He is looking down and to the side, with a contemplative expression. The man in the background is wearing a dark suit and tie, similar to the other two men, but his attire is more formal, with a dark suit and a tie that has a pattern of stripes. He is looking straight ahead with a serious expression. All three men are wearing dark suits and ties, suggesting a formal or professional occasion. The setting appears to be a garden or park with greenery and flowers, indicating a pleasant, possibly sunny day."
image_5_1.jpg,,"Is Israel going to take action? Biden rarely reveals that ""international oil prices are soaring""",https://www.163.com/news/article/JDLLIA8F00019B3E.html,"The image shows a man who appears to be in the middle of a conversation or discussion. He is wearing a dark suit with a light-colored shirt and has a serious expression on his face. The man's hair is graying, and he seems to be looking off to the side, possibly at someone or something not visible in the image. The background is blurred, but it suggests an outdoor setting with greenery, indicating that the man might be in a park or a similar natural environment. There is text overlaid on the image that reads, ""We're in discussions about that."" This text is likely a caption or a description of the image, suggesting that the man is engaged in a discussion about a specific topic. The style of the image is candid and appears to be a still from a video or a live broadcast, given the informal nature of the shot and the presence of the text."
image_5_2.jpg,,"Is Israel going to take action? Biden rarely reveals that ""international oil prices are soaring""",https://www.163.com/news/article/JDLLIA8F00019B3E.html,"The image depicts a scene of destruction and abandonment. At the center of the frame, a person stands amidst the ruins, appearing small in comparison to the scale of the devastation. The individual is dressed in casual attire, with a cap on their head, and seems to be surveying the scene.  The ruins consist of a mix of rubble and debris, with remnants of what appears to be a building or structure. The architecture suggests a style that could be indicative of a specific historical period or region. The rubble is scattered haphazardly, with some pieces stacked on top of each other, creating a chaotic landscape.  The sky above is partly cloudy, with patches of blue sky visible, suggesting that the photo was taken during the day. The lighting is natural, indicating that the photo was taken in the daytime. The overall mood of the image is somber and poignant, capturing a moment of quiet reflection amidst the remnants of a once-standing edifice."
image_5_3.jpg,,"Is Israel going to take action? Biden rarely reveals that ""international oil prices are soaring""",https://www.163.com/news/article/JDLLIA8F00019B3E.html,"The image depicts an industrial scene with a large, complex structure that appears to be a petrochemical refinery or similar facility. The structure is composed of numerous towers and pipes, with various levels and stages of construction visible. The towers are tall and cylindrical, with a metallic finish, and they are interconnected by a network of pipes and conduits. The sky is overcast, suggesting an overcast or cloudy day.  In the foreground, there are two flags prominently displayed. The flag on the left is the national flag of Iran, recognizable by its red, white, and green colors and the emblem in the center. The flag on the right is the flag of the United States, featuring its iconic stars and stripes. The flags are positioned in front of the industrial complex, suggesting a location where both countries have a presence or interest.  The image is a photograph with a focus on the industrial architecture and the flags, capturing the industrial nature of the scene and the international context implied by the presence of the flags. The style of the image is realistic, with natural lighting and colors that convey the scene as it is."
image_6_1.jpg,,Israel wants to attack Iran's nuclear facilities? Iran says it is ready to respond,https://www.163.com/dy/article/JDKVBOAB053469LG.html,"The image shows a man standing in front of a military aircraft. The man appears to be a soldier, as indicated by his uniform, which includes a camouflage pattern and various insignias. He is wearing a utility belt and has a serious expression on his face. The aircraft behind him is a large, gray military jet with visible markings and identification numbers. The setting suggests a military base or airfield, and the environment appears to be outdoors during the day. There is text overlaying the image, which seems to be in Chinese, but the content of the text is not provided. The style of the image is a photograph, likely taken for documentary or news purposes."
image_6_2.jpg,,Israel wants to attack Iran's nuclear facilities? Iran says it is ready to respond,https://www.163.com/dy/article/JDKVBOAB053469LG.html,"The image shows two men standing side by side, appearing to be at a formal event or press conference. The man on the left is wearing a military uniform with numerous medals and badges, indicating a high-ranking position within the military. He is wearing a cap with a badge, suggesting he is a member of a specific military unit or branch. The man on the right is dressed in a dark suit and appears to be speaking or listening intently, as he is looking slightly to his left.  There is text overlaying the image, which seems to be in Chinese. The text is partially visible and reads ""中国"" and ""中国"" again, which translates to ""China"" in English. Below the text, there is a subtitle that appears to be a news headline or a title related to the content of the image. The subtitle is also in Chinese and includes characters that are not fully visible in the image provided.  The background is blurred, but it appears to be an indoor setting with curtains, which suggests that the event is taking place in a formal or professional environment. The overall style of the image is that of a news photograph, capturing a moment during a press conference or a formal meeting."
image_6_3.jpg,,Israel wants to attack Iran's nuclear facilities? Iran says it is ready to respond,https://www.163.com/dy/article/JDKVBOAB053469LG.html,"The image appears to be a digital graphic or infographic, possibly related to military statistics or comparisons. It features a white background with a diagonal line dividing the upper and lower sections. On the left side, there is a blue banner with Chinese characters, suggesting that the content is in Chinese. Below the banner, there is a title in bold Chinese characters, which seems to be the main subject of the infographic.  The infographic includes various statistics and icons, likely representing different military assets or capabilities. There are numerical values next to each icon, which could indicate quantities or numerical data related to the items listed. The icons include a tank, a fighter jet, a helicopter, a missile, and a ship, each accompanied by a numerical value. The tank is labeled with ""400,"" the fighter jet with ""1051,"" the helicopter with ""335,"" the missile with ""62,"" and the ship with ""530."" Below the ship, there is a smaller text that reads ""17,"" which might refer to a specific unit or quantity.  The overall style of the image is informational and utilitarian, with a focus on conveying data in a visually accessible manner. The use of icons and numbers suggests a comparison or analysis of military assets or capabilities."
image_6_4.jpg,,Israel wants to attack Iran's nuclear facilities? Iran says it is ready to respond,https://www.163.com/dy/article/JDKVBOAB053469LG.html,"The image appears to be a slide from a presentation, possibly educational or informational in nature. The slide is divided into two main sections by a vertical line. On the left side, there is a title in Chinese characters, which translates to ""History of the Middle East."" Below the title, there are three phrases in Chinese, each followed by a number. These phrases seem to be related to historical events or periods, and the numbers likely correspond to the years or durations associated with each event.  On the right side of the slide, there is a section titled ""History of the Middle East"" in English, with a subtitle ""History of the Middle East"" in Chinese. Below this, there are three phrases in English, each followed by a number, which are presumably related to the same historical events or periods mentioned on the left side.  At the top of the slide, there is a logo with Chinese characters, suggesting that the presentation may be related to a Chinese institution or organization. The slide also includes a flag graphic, which is a combination of the flags of Israel and Iran, indicating a focus on the Middle East region.  The overall style of the slide is simple and informational, with a clean layout and a color scheme that includes shades of gray and blue. The text is in black, which provides a clear contrast against the background. The slide seems to be designed for educational purposes, possibly for a classroom or lecture setting."
image_6_5.jpg,,Israel wants to attack Iran's nuclear facilities? Iran says it is ready to respond,https://www.163.com/dy/article/JDKVBOAB053469LG.html,"The image appears to be a digital graphic or a screenshot from a presentation, possibly related to a business or educational context. The background is a light gray color with a subtle diagonal line pattern, which gives it a clean and professional look.  In the center of the image, there is a small graphic of a train with a flag on top, suggesting a theme of transportation or logistics. The train is depicted in a simplified style, with minimal detail, which is common in icons or logos.  Surrounding the train graphic are several blocks of text in Chinese. The text is in a sans-serif font, which is modern and easy to read. The text is organized into sections, with some phrases larger than others, indicating a hierarchy or importance.  The phrases are related to transportation, logistics, and possibly a company or organization. The text is too small to read in detail, but it seems to be discussing topics such as ""transportation,"" ""logistics,"" and ""quality,"" which are common themes in business and industry.  The overall style of the image is informational and professional, likely intended to convey key points or statistics related to the subject matter at hand. The use of a train graphic suggests a focus on transportation, and the inclusion of Chinese text indicates that the content is likely targeted at a Chinese-speaking audience or is related to a Chinese company or industry."
image_6_6.jpg,,Israel wants to attack Iran's nuclear facilities? Iran says it is ready to respond,https://www.163.com/dy/article/JDKVBOAB053469LG.html,"The image depicts a nighttime scene with a focus on a bright, fiery object in the sky. The object appears to be a meteor or a shooting star, with a glowing trail behind it, suggesting it has recently passed through the atmosphere. The sky is dark, indicating it is night, and the object is the central point of interest due to its brightness and the contrast it creates against the dark background. The image is taken from a distance, as the object is not in sharp focus, which adds to the sense of its motion and the vastness of the night sky. There is no text present in the image. The style of the image is a simple, unembellished photograph with a focus on the natural phenomenon of a meteor."
image_6_7.jpg,,Israel wants to attack Iran's nuclear facilities? Iran says it is ready to respond,https://www.163.com/dy/article/JDKVBOAB053469LG.html,"The image shows a man sitting at a desk, appearing to be in a formal setting. He is wearing a dark blue suit with a white shirt and a blue tie. On his lapel, there is a small pin with a yellow ribbon, which is a symbol of support for a cause. The man has short, graying hair and is looking slightly to the side with a serious expression on his face. Behind him, there are flags with blue and white stripes, suggesting that the location might be a governmental or diplomatic setting. The background is blurred, but it appears to be an indoor office environment."
image_6_8.jpg,,Israel wants to attack Iran's nuclear facilities? Iran says it is ready to respond,https://www.163.com/dy/article/JDKVBOAB053469LG.html,"The image depicts a scene of three fighter jets in flight against a backdrop of a landscape below. The jets are positioned in a diagonal line, with the first jet on the left, the second in the middle, and the third on the right. Each jet is captured in a different phase of flight, suggesting motion and speed. The jets appear to be military aircraft, likely designed for combat or reconnaissance missions.  The landscape below is a mix of agricultural fields and urban areas, indicating a region that combines rural and urban development. The fields are neatly arranged, suggesting a well-maintained agricultural system. The urban areas include roads, buildings, and possibly residential or commercial structures.  The image has a monochromatic color scheme, which gives it a timeless or historical feel. The absence of color could imply that the image is either a black and white photograph or has been edited to have a monochromatic color palette. The style of the image, with its focus on the jets and the landscape, could be reminiscent of a military or aviation-themed poster or a historical photograph capturing a moment in time."
image_6_9.jpg,,Israel wants to attack Iran's nuclear facilities? Iran says it is ready to respond,https://www.163.com/dy/article/JDKVBOAB053469LG.html,"The image depicts a large gathering of people, likely a protest or demonstration, given the context of the scene. The individuals are dressed in a variety of attire, with many wearing blue headscarves, suggesting a uniformity in their attire or a symbolic color choice. Some are holding umbrellas, which could indicate that the weather is rainy or that they are using them as a form of protection or as a symbol.  The crowd is dense, with people standing close together, and they appear to be in a state of protest or activism, as evidenced by raised fists and the presence of a poster with a face on it, which might be a political figure or a symbol of their cause. The expressions on their faces are serious and determined, reflecting the gravity of their situation.  The setting appears to be an urban environment, possibly a city square or a street, given the density of the crowd and the presence of buildings in the background. The atmosphere is charged, with a sense of urgency and purpose among the protesters. The image captures a moment of collective action and solidarity among the group."
image_7_1.jpg,,Kim Jong-un responds to Yoon Seok-yeol: North Korea will use all its offensive power if attacked by South Korea and the United States,https://www.163.com/dy/article/JDLNMFFJ0514BQ68.html,"The image depicts a man sitting at a desk, appearing to be in a formal setting, possibly a press conference or a meeting. He is wearing a dark suit with a tie, and glasses. The man has a serious expression on his face and is gesturing with his right hand, which is raised slightly above the desk. In the background, there is a flag with a hammer and sickle symbol, which is associated with the North Korean flag. The man's attire and the flag suggest that the setting is in North Korea. There is no visible text in the image. The style of the image is a standard photograph with a focus on the man, taken from the side, and the background is slightly blurred, emphasizing the subject."
image_7_2.jpg,,Kim Jong-un responds to Yoon Seok-yeol: North Korea will use all its offensive power if attacked by South Korea and the United States,https://www.163.com/dy/article/JDLNMFFJ0514BQ68.html,"The image depicts a group of individuals in what appears to be an industrial or manufacturing setting. There are four individuals visible in the frame. The central figure is a man dressed in a dark suit with a tie, standing slightly ahead of the others. He seems to be engaged in conversation or observation, as he is looking to his left with a focused expression. To his right, there are two men in white shirts, one of whom is wearing a cap. The man in the cap is slightly behind the other, and both are facing the central figure, suggesting they are part of the same group or team.  In the background, there is another individual wearing a military-style uniform with a cap, indicating a possible military presence or involvement in the facility. The setting includes industrial machinery and pipes, which are typical of manufacturing or processing plants. The environment suggests a professional or work-related context, possibly a tour or inspection of the facility. The image is a photograph with a focus on the individuals and their interaction, rather than a wide-angle shot of the entire facility."
image_7_3.jpg,,Kim Jong-un responds to Yoon Seok-yeol: North Korea will use all its offensive power if attacked by South Korea and the United States,https://www.163.com/dy/article/JDLNMFFJ0514BQ68.html,"The image depicts an indoor scene with three individuals standing in a corridor. The corridor is lined with rows of what appear to be cages or enclosures, possibly for animals or plants. The individuals are dressed in uniforms, suggesting they may be military personnel or staff of some sort. The person on the left is wearing a dark uniform with a cap, the person in the middle is in a lighter-colored uniform with a cap, and the person on the right is in a white shirt and dark pants. They are engaged in a conversation, with one person gesturing with their hands. The lighting is bright, and the walls are white, giving the space a clean and sterile appearance. There is a watermark or logo in the bottom right corner of the image, but the text is not legible. The style of the image is a standard, candid photograph without any artistic filters or effects."
image_8_1.jpg,,Israel is in military confrontation with many countries. Is a full-scale war in the Middle East really coming?,https://www.163.com/dy/article/JDLFEP76053469M5.html,"The image shows a man sitting at a desk, appearing to be in a formal setting, possibly a political or governmental office. He is wearing a dark suit with a white shirt and a blue tie. The man has short, graying hair and is looking slightly to his left with a serious expression on his face.  Behind him, there are flags, one of which is the flag of Israel, indicating that the setting might be in Israel or that the man is of Israeli origin. There is also text overlaid on the image, which seems to be in Chinese, suggesting that the image may be from a Chinese news source or is intended for a Chinese-speaking audience. The text is not fully visible, but it appears to be related to the content of the image, possibly discussing the man's role or the context of the meeting."
image_8_2.jpg,,Israel is in military confrontation with many countries. Is a full-scale war in the Middle East really coming?,https://www.163.com/dy/article/JDLFEP76053469M5.html,"The image depicts a scene with two individuals wearing military uniforms, likely soldiers, standing in a field with tall grass. The person in the foreground is wearing a helmet and has a backpack, suggesting they are equipped for a mission or patrol. The individual in the background is partially obscured by the person in the foreground, but both are wearing similar uniforms with patches and insignia that indicate they are part of a military unit.  In the background, there is a building with a distinctive castle-like appearance, featuring a tower and battlements. The architecture suggests a historical or medieval influence. The sky is overcast, and the lighting suggests it might be either early morning or late afternoon.  There is text overlaid on the image, which appears to be in Chinese. The text is too small to read clearly, but it seems to be a caption or title, possibly related to the content of the image. The style of the image is a candid photograph, possibly taken during a military operation or training exercise."
image_8_3.jpg,,Israel is in military confrontation with many countries. Is a full-scale war in the Middle East really coming?,https://www.163.com/dy/article/JDLFEP76053469M5.html,"The image shows a man sitting in front of a beige curtain, appearing to be in an indoor setting. He is wearing a dark suit with a white shirt and a purple tie. The man has short hair and is looking slightly to his left with a neutral expression on his face. There is a red banner with white text at the bottom of the image, which contains Chinese characters. The text is too small to read clearly, but it seems to be a title or a description related to the content of the image. The style of the image suggests it might be a screenshot from a video or a still from a television broadcast."
image_8_4.jpg,,Israel is in military confrontation with many countries. Is a full-scale war in the Middle East really coming?,https://www.163.com/dy/article/JDLFEP76053469M5.html,"The image shows a man standing in front of a microphone, appearing to be giving a speech or presentation. He is wearing glasses and has a beard. The man is dressed in a black outfit, which includes a turban and a robe. The background is a solid blue color, suggesting that the setting might be indoors, possibly a formal event or a conference. There is text overlaying the image, which seems to be in Chinese, indicating that the content is likely related to a Chinese-speaking context or audience. The text is too small to read clearly, but it appears to be a title or a subtitle related to the content of the speech. The style of the image is a standard photograph, likely taken during a live event or broadcast."
image_8_5.jpg,,Israel is in military confrontation with many countries. Is a full-scale war in the Middle East really coming?,https://www.163.com/dy/article/JDLFEP76053469M5.html,"The image shows a woman standing at a podium, speaking into a microphone. She appears to be addressing an audience, possibly at a press conference or a formal event. The woman has blonde hair and is wearing a patterned blue and white blouse. She is looking slightly to the side, away from the camera, and her expression is serious.  Behind her, there is a blue background with text and logos. The text is in Russian, and it includes the name of the Ministry of Foreign Affairs of the Russian Federation. There is also a logo that seems to represent the Ministry of Foreign Affairs. The date ""02.10.24"" and the time ""14:38:36"" are visible in the top right corner, suggesting the image was captured at a specific time and date.  The style of the image is a screenshot from a video, as indicated by the resolution and aspect ratio, which are typical for video content. The image is of a standard definition quality, which is common for video content from the early 2000s or earlier."
image_8_6.jpg,,Israel is in military confrontation with many countries. Is a full-scale war in the Middle East really coming?,https://www.163.com/dy/article/JDLFEP76053469M5.html,"The image depicts a rugged outdoor scene with a person in the foreground and a group of individuals in the distance. The person in the foreground appears to be wearing a military-style uniform, suggesting they might be a soldier or part of a military operation. They are carrying a large backpack and seem to be walking or hiking through a rocky terrain. The terrain is uneven and rocky, with some areas appearing more rugged than others.  In the distance, there is a group of individuals who appear to be part of the same military operation, given their similar attire and the context of the scene. They are walking in a line, following the person in the foreground, and seem to be moving towards a goal or destination.  The sky is partly cloudy, and the lighting suggests it might be either dawn or dusk, as the light is not harsh and the shadows are not too long. The overall tone of the image is serious and focused, with a sense of purpose and mission.  There is text overlaid on the image, which appears to be in Chinese. The text is too small to read clearly, but it likely provides context or information about the scene, such as the location, the nature of the operation, or the identities of the individuals involved. The style of the image is a real-life photograph with a focus on the military theme and the outdoor environment."
image_9_1.jpg,,View the world·Middle East situation | Iran missile attack on Israel will the situation in the Middle East get out of control,https://www.163.com/dy/article/JDHCQCN10514D3UH.html,"The image depicts a night sky filled with multiple bright, elongated light trails that resemble shooting stars or meteors. These light trails are scattered across the sky, with some appearing closer to the viewer and others further away, creating a sense of depth. The trails are illuminated against the dark backdrop of the night sky, which is devoid of stars, suggesting that the photo was taken during a meteor shower or a similar astronomical event. The image is taken from a low angle, which emphasizes the trails and gives a sense of their movement across the sky. There are no visible texts or distinctive landmarks in the image. The style of the image is a straightforward, unembellished photograph with a focus on the natural phenomenon of meteor activity."
image_9_2.jpg,,View the world·Middle East situation | Iran missile attack on Israel will the situation in the Middle East get out of control,https://www.163.com/dy/article/JDHCQCN10514D3UH.html,"The image shows a television screen displaying a man with a beard and a turban, who appears to be a religious figure, possibly a cleric or a scholar. The man is gesturing with his right hand raised, and his expression suggests he is in the middle of a speech or a discussion. The background of the television screen is a solid red color, and there is Arabic text overlaid on the screen, which indicates that the content is likely in Arabic. The television is mounted on a wall, and there are various objects around it, including what looks like a remote control, a book, and some plants. The setting suggests a home or an office environment."
image_9_3.jpg,,View the world·Middle East situation | Iran missile attack on Israel will the situation in the Middle East get out of control,https://www.163.com/dy/article/JDHCQCN10514D3UH.html,"The image depicts a large, illuminated monument at night. The monument has a distinctive, pointed roof that narrows towards the top, resembling a stylized hat or a traditional Middle Eastern headdress. The structure is adorned with intricate patterns and designs, featuring a combination of red, white, and green colors. The central part of the monument appears to be a large, round emblem or symbol, which is not clearly visible due to the angle and distance from the camera.  In the foreground, there are several people standing and taking photographs of the monument. The individuals are dressed in casual attire, and some are holding up their smartphones to capture the moment. The lighting from the monument casts a warm glow on the surrounding area, highlighting the architectural details and creating a dramatic effect against the dark sky.  The setting appears to be an outdoor public space, possibly a square or a park, with a paved area in front of the monument. The monument is situated on a raised platform, which is accessible by stairs, and there is a railing along the edge of the platform. The overall atmosphere is one of reverence and admiration, as people gather to witness and document the impressive monument."
image_9_4.jpg,,View the world·Middle East situation | Iran missile attack on Israel will the situation in the Middle East get out of control,https://www.163.com/dy/article/JDHCQCN10514D3UH.html,"The image depicts three men walking outdoors, likely in a garden or park, given the presence of greenery and flowers. The man in the foreground is wearing a dark suit with a red tie and appears to be middle-aged. He is looking down and slightly to the side, with a serious expression on his face. The man in the middle is also dressed in a dark suit and tie, but his attire is more formal, with a dark suit and a tie that has a pattern of stripes. He is looking down and to the side, with a contemplative expression. The man in the background is wearing a dark suit and tie, similar to the other two men, but his attire is more formal, with a dark suit and a tie that has a pattern of stripes. He is looking straight ahead with a serious expression. All three men are wearing dark suits and ties, suggesting a formal or professional occasion. The setting appears to be a garden or park with greenery and flowers, indicating a pleasant, possibly sunny day."
image_10_1.jpg,,What direction will the situation in the Middle East take after Iran attacked Israel from its own soil for the second time?,https://www.163.com/dy/article/JDJ9KTSL0519DDQ2.html,"The image depicts a nighttime scene of a city street, likely in Israel, given the presence of the Israeli flag. The street is illuminated by streetlights and the glow of vehicle headlights, creating a warm and inviting atmosphere. The road is divided into multiple lanes, and there is a single car visible in the foreground, moving along the right side of the road. The car appears to be a modern sedan with its headlights on.  On the right side of the image, there is a flagpole with the Israeli flag, which is blue and white with a Star of David in the center. The flag is partially visible, with the blue and white stripes and the Star of David clearly visible against the night sky.  The buildings lining the street are illuminated with various colors, suggesting a vibrant nightlife. The architecture is modern, with glass facades and sleek designs. The buildings are tall and closely spaced, indicating a dense urban environment.  The sky is dark, indicating it is nighttime, and the overall lighting suggests it might be a cool evening. The image has a cinematic quality, with a focus on the car and the flag, which gives a sense of motion and direction. The absence of people in the immediate vicinity suggests that the photo was taken during a time when there is less pedestrian traffic, possibly late at night or early in the morning."
image_10_2.jpg,,What direction will the situation in the Middle East take after Iran attacked Israel from its own soil for the second time?,https://www.163.com/dy/article/JDJ9KTSL0519DDQ2.html,"The image depicts an elderly man sitting at a podium with microphones, suggesting he is giving a speech or conducting an interview. He is wearing a brown robe with a pattern that resembles a checkered shirt, and a black turban. The man has a white beard and is wearing glasses. His expression is serious and he appears to be engaged in the task at hand. Behind him, there is a flag with a green, white, and red design, which could indicate a political or international context. The text in the image is in Chinese, but without a clear view of the characters, it's not possible to provide a translation. The style of the image is a standard photograph with a focus on the subject, likely taken during an event or press conference."
image_10_3.jpg,,What direction will the situation in the Middle East take after Iran attacked Israel from its own soil for the second time?,https://www.163.com/dy/article/JDJ9KTSL0519DDQ2.html,"The image shows two flags flying side by side against a backdrop of a clear blue sky with a few wispy clouds. The flag on the left is the Israeli flag, characterized by its white Star of David on a blue background, with a horizontal stripe of red and white. The flag on the right is the Iranian flag, featuring a green, white, and red tricolor design with a central emblem of a lion and a sun. Both flags are displayed on poles with rings at the top, suggesting they are mounted on flagpoles. The image is a digital rendering with a focus on the flags, and there are no texts or additional elements present."
image_10_4.jpg,,What direction will the situation in the Middle East take after Iran attacked Israel from its own soil for the second time?,https://www.163.com/dy/article/JDJ9KTSL0519DDQ2.html,"The image depicts a group of individuals holding up posters of a man's face. The man appears to be of Middle Eastern descent, with a beard and glasses. The posters are held up in a way that suggests they are being displayed or shown to others. The background is not clearly visible, but it seems to be an indoor setting with other people present. The focus of the image is on the posters and the expressions of the individuals holding them."
image_10_5.jpg,,What direction will the situation in the Middle East take after Iran attacked Israel from its own soil for the second time?,https://www.163.com/dy/article/JDJ9KTSL0519DDQ2.html,"The image depicts a nighttime scene of a building that appears to be on fire. The building is multi-storied with visible balconies and windows. The fire is concentrated on the upper levels, with visible flames and smoke rising from the roof. The lower levels of the building seem to be intact, with some areas illuminated by artificial lighting. There are no visible texts or distinctive branding in the image. The style of the image is a candid photograph, likely taken with a smartphone or a similar device, given the informal composition and the presence of a person in the foreground who appears to be observing the fire. The image is taken from a low angle, which emphasizes the height of the building and the severity of the fire."
image_10_6.jpg,,What direction will the situation in the Middle East take after Iran attacked Israel from its own soil for the second time?,https://www.163.com/dy/article/JDJ9KTSL0519DDQ2.html,"The image depicts a person holding a small, white kitten in their arms. The person appears to be outdoors, as there is a backdrop of a cityscape with buildings and a clear sky. The buildings in the background show signs of destruction, with visible damage and debris, suggesting that the location might be affected by a natural disaster or conflict. The person is wearing a pink and black jacket, and the kitten is being held securely in their arms. The overall atmosphere of the image is somber and poignant, highlighting the contrast between the innocence of the kitten and the harsh reality of the damaged environment."
